{
 "mdsDat": {
 "x": [ 0.08842306,0.03850791,-0.1437082,-0.07829803,0.0730493,-0.03555305,-0.1811253,0.1483284,0.06290484,0.01610052,-0.02393933,0.02272494,-0.09849394,0.05929958,-0.005721675,-0.01588889,-0.008800981,-0.04456273,-0.136464,0.01979385,-0.0186888,-0.1642519,0.1518603,-0.06742825,0.1225005,-0.03049504,-0.02840443,-0.1213956,0.03599596,-0.07731121,0.1017676,-0.06005301,0.04139022,-0.1314702,-0.1421142,-0.06281329,0.0912604,0.1266488,0.0554197,-0.06073644,-0.1088422,0.07140863,-0.1607065,0.104768,0.01654831,0.1345666,0.02250179,-0.0773416,0.1177896,-0.06215328,0.02198368,-0.08213236,0.1474731,-0.08699368,0.04659257,0.1235289,0.01737722,0.1254431,0.06058734,-0.07368881,0.09396783,-0.07591235,0.03193109,0.2221036,-0.1228529,0.2403359,0.1492004,-0.04015775,-0.08969241,-0.1190157,-0.1710732,-0.08986623,-0.09071065,-0.08050607,-0.186509,0.007802308,-0.1380599,0.1162749,0.01492691,-0.09860069,0.001538744,0.04195555,0.06053153,0.08136619,-0.02558693 ],
"y": [ -0.02861019,0.09674528,0.1138373,0.03661963,0.02455044,0.08888534,0.07717708,0.09778623,0.1259783,0.0939486,0.09369694,-0.1204672,-0.00123662,0.02805736,0.009521893,0.03526557,-0.03430133,0.08116856,0.01987937,0.02692036,0.02830728,0.06281772,-0.01330959,0.04563469,0.05653044,-0.1115859,0.008997749,0.09338578,-0.1127816,0.06079044,0.07493507,0.12733,-0.02574582,0.09428327,0.00165474,0.009296,0.05600287,0.02901735,-0.0280676,-0.1092308,0.02469723,-0.01748289,0.05606624,-0.09641619,-0.1278949,0.004121993,0.02103655,0.064239,0.04470573,0.007630448,-0.1256032,-0.118511,0.05062267,0.1000663,-0.0416741,-0.04063508,0.03581867,0.07057085,-0.05428289,0.05302202,-0.08258829,0.03835498,0.08015343,0.09233718,0.009980397,0.1100057,0.09926925,-0.02091839,0.004129897,0.03125316,0.04186939,0.154302,0.1031502,0.02617207,0.1015685,-0.1048585,0.1256658,-0.04638448,0.03285569,0.06986856,0.08865032,0.08466619,0.08765884,-0.06396366,0.04880318 ],
"topics": [ 4,7,10,12,22,23,24,26,33,39,41,42,49,55,56,57,63,68,70,73,75,81,86,89,99,102,103,111,115,119,124,134,135,136,137,138,141,143,145,148,149,152,154,157,167,168,170,175,176,177,189,191,196,200,202,206,210,212,216,220,222,225,227,228,234,237,242,244,245,247,254,259,270,275,285,289,293,295,303,308,315,323,327,330,332 ],
"Freq": [ 0.5441249,0.7674177,0.7419436,0.3725658,0.1350558,0.1679728,0.3279595,0.2192905,0.277124,0.6687771,0.1658618,0.2783798,0.2219315,0.1982205,0.3069634,0.5171589,0.4491744,0.5853563,0.5771776,0.3383467,0.6373507,0.7410222,0.262225,0.1884284,0.286222,0.09678215,0.1793766,0.1456757,0.4033107,0.1701195,0.6914261,0.1573515,0.6195067,0.775342,0.7941607,0.4813258,0.1708911,0.1787363,0.2873972,0.4582793,0.1473332,0.2588392,0.1657428,0.215476,1.134894,0.8153934,0.4150602,0.253629,0.4880207,0.6698616,0.1580002,0.33171,0.194552,1.274606,0.1936368,0.3402046,0.1790673,0.1933551,0.4655858,0.5220634,0.8845007,0.3221332,0.184622,1.734956,0.4438292,0.7854717,0.4325142,0.2064671,0.2931182,0.2529386,0.18293,2.716164,0.3074344,0.3491462,0.354137,0.3199859,0.2231499,0.1720208,0.2485835,0.280099,0.1944527,0.42549,0.1896573,0.2772359,0.5498572 ],
"cluster": [1,1,1,1,1,1,1,1,1,1,1,1,1,1,1,1,1,1,1,1,1,1,1,1,1,1,1,1,1,1,1,1,1,1,1,1,1,1,1,1,1,1,1,1,1,1,1,1,1,1,1,1,1,1,1,1,1,1,1,1,1,1,1,1,1,1,1,1,1,1,1,1,1,1,1,1,1,1,1,1,1,1,1,1,1] 
}
}